Unique ID;球员类型;名字;国家或地区;俱乐部;联赛;联赛键;联赛可信度;年龄;身高(cm);左脚;右脚;主力脚;最佳位置;第二位置;其他可用位置;定价位置;最佳位置倍率;第二位置倍率;其他位置倍率;最佳位置能力;第二位置能力;其他位置能力;FM身价原文;FM身价下限(百万英镑);FM身价上限(百万英镑);FM身价中位(百万英镑);评分_射门;评分_传球;评分_控球;评分_防守;评分_速度;评分_身体;评分_意识;评分_意志;FM_技术;FM_抢断;FM_罚点球;FM_传球;FM_盯人;FM_界外球;FM_远射;FM_头球;FM_任意球;FM_停球;FM_射门;FM_盘带;FM_传中;FM_角球;FM_强壮;FM_耐力;FM_速度;FM_体质;FM_弹跳;FM_平衡;FM_灵活;FM_爆发力;FM_预判;FM_才华;FM_领导力;FM_无球跑动;FM_工作投入;FM_视野;FM_团队合作;FM_选位;FM_意志力;FM_决断;FM_集中;FM_镇定;FM_勇敢;FM_侵略性;模型价格(百万欧元);位置稀缺系数;巨星系数;FM身价修正;基础价格(百万欧元);本局价格下限(百万欧元);本局价格上限(百万欧元);价格池;缺失FM属性数;校验状态;原最佳位置;原第二位置;原全部位置
23413408;传奇;Ferenc Puskás;匈牙利;Real Madrid;西甲;西甲;manual;23;172;精准;还行;左脚;中锋;;;中锋;1.0;0.95;0.9;80.5;;;£2.22亿 - £2.66亿;222.0;266.0;244.0;81.7;82.5;81.5;61.8;85.5;80.5;75.8;71.5;19;11;19;15;12;15;18;14;14;18;16;12;15;12;19;15;17;19;11;17;20;17;13;15;18;16;12;17;11;12;18;16;17;17;13;6;132.9;1.08;1.03;1.05;155.2;124.2;186.2;传奇池;0;PASS;前锋 (中);;前锋 (中)
23244492;传奇;Lionel Messi;阿根廷;Barcelona;西甲;西甲;manual;24;169;精准;不错;左脚;右边锋、前腰;;左边锋;右边锋;1.0;0.95;0.9;83.3;;75.0;£2.21亿 - £2.65亿;221.0;265.0;243.0;86.2;89.0;96.0;43.8;85.0;58.5;77.8;73.0;20;7;18;17;6;5;16;9;14;17;19;20;14;11;8;15;16;15;5;16;20;18;17;20;19;16;12;19;11;6;19;17;16;16;13;7;162.4;1.05;1.03;1.05;184.4;147.5;221.3;传奇池;0;PASS;前腰 (右);;前腰 (右左中)
23168714;传奇;Fernando Torres;西班牙;Atlético Madrid;西甲;西甲;manual;20;186;不错;精准;右脚;中锋;;;中锋;1.0;0.95;0.9;76.4;;;£2.14亿 - £2.56亿;214.0;256.0;235.0;78.8;80.8;86.5;45.7;79.5;61.2;70.8;78.5;18;9;16;16;4;5;13;15;6;16;17;18;9;7;12;13;16;11;14;8;18;16;11;20;12;20;18;16;12;10;18;18;15;13;17;11;96.5;1.08;1.0;1.05;109.4;87.5;131.3;传奇池;0;PASS;前锋 (中);;前锋 (中)
23244590;传奇;Cristiano Ronaldo;葡萄牙;Real Madrid;西甲;西甲;manual;25;184;不错;精准;右脚;右边锋、左边锋;;;右边锋;1.0;0.95;0.9;82.2;;;£2.09亿 - £2.5亿;209.0;250.0;229.5;84.2;77.2;91.5;48.0;88.2;81.0;76.0;59.2;18;6;20;15;3;7;17;16;17;18;17;19;13;11;15;19;19;17;14;18;16;16;17;20;11;17;7;15;6;17;19;13;13;14;13;9;150.3;1.05;1.03;1.05;170.7;136.6;204.8;传奇池;0;PASS;前腰 (右);;前腰 (右左)
2000233530;传奇;Thierry Henry;法国;Arsenal;英超;英超;manual;27;188;不错;精准;右脚;中锋、左边锋;;;中锋;1.0;0.95;0.9;81.3;;;£2.07亿 - £2.48亿;207.0;248.0;227.5;83.3;80.5;90.5;36.8;91.3;77.5;69.0;71.7;18;8;16;15;2;3;15;10;15;18;17;18;14;14;16;16;19;18;12;18;18;18;17;19;12;19;13;17;17;4;17;14;14;14;11;14;140.9;1.08;1.03;1.05;164.6;131.7;197.5;传奇池;0;PASS;前锋 (中);;前锋 (中)
23168716;传奇;Ronaldo;巴西;Real Madrid;西甲;西甲;manual;28;180;强势;精准;左脚;中锋;;;中锋;1.0;0.95;0.9;80.3;;;£1.99亿 - £2.43亿;199.0;243.0;221.0;92.7;83.5;90.0;34.8;79.2;64.8;73.8;54.0;20;6;19;16;4;13;16;10;15;17;20;18;12;13;16;14;15;7;12;16;14;18;17;20;16;20;9;16;9;4;13;18;12;17;9;5;130.9;1.08;1.03;1.05;152.9;122.3;183.5;传奇池;0;PASS;前锋 (中);;前锋 (中)
23244612;传奇;Samuel Eto'o;喀麦隆;Barcelona;西甲;西甲;manual;25;180;强势;精准;左脚;中锋;;;中锋;1.0;0.95;0.9;78.0;;;£1.84亿 - £2.21亿;184.0;221.0;202.5;82.5;66.7;78.2;42.8;88.2;77.2;64.8;81.8;15;7;15;14;4;6;15;12;10;15;17;16;12;10;15;17;18;17;13;14;19;17;16;15;15;18;15;12;15;8;20;11;14;16;17;13;109.7;1.08;1.0;1.05;124.4;99.5;149.3;传奇池;0;PASS;前锋 (中);;前锋 (中)
2000307385;传奇;Zinédine Zidane;法国;Real Madrid;西甲;西甲;manual;26;185;不错;精准;右脚;中前卫、前腰;;;前腰;1.0;0.95;0.9;81.8;;;£1.8亿 - £1.97亿;180.0;197.0;188.5;68.0;97.2;95.2;48.2;79.0;59.0;81.0;51.0;20;7;16;20;8;4;16;15;20;20;10;20;15;14;15;14;14;15;9;5;18;18;17;20;15;14;9;20;13;8;4;17;18;16;9;16;146.1;1.04;1.03;1.05;164.3;131.4;197.2;传奇池;0;PASS;中场/前腰 (中);;中场/前腰 (中)
23244570;传奇;Neymar;巴西;Barcelona;西甲;西甲;manual;21;174;精准;精准;双足;左边锋、前腰;中锋;;左边锋;1.0;0.95;0.9;75.8;72.0;;£1.79亿 - £2.14亿;179.0;214.0;196.5;75.8;76.7;92.5;31.0;83.5;55.5;63.5;58.5;19;4;15;14;4;3;12;9;14;17;16;20;15;15;9;13;16;16;6;13;19;18;15;18;12;18;11;15;11;4;14;14;12;13;10;9;91.8;1.05;1.0;1.05;101.2;81.0;121.4;传奇池;0;PASS;未知;前腰 (中), 前锋 (中);前腰 (左中), 前锋 (中)
23461569;传奇;Xabi Alonso;西班牙;Liverpool;英超;英超;manual;23;183;还行;精准;右脚;后腰、中前卫;;;后腰;1.0;0.95;0.9;78.4;;;£1.69亿 - £1.9亿;169.0;190.0;179.5;66.3;89.0;69.2;78.2;74.2;72.5;82.2;81.0;16;15;6;19;14;8;15;10;16;16;11;12;13;14;14;17;15;15;14;9;15;14;18;11;14;14;14;20;15;17;19;15;15;15;19;13;113.2;1.03;1.0;1.05;122.5;98.0;147.0;传奇池;0;PASS;后腰, 中场 (中);;后腰, 中场 (中)
23244550;传奇;Frank Lampard;英格兰;Chelsea;英超;英超;manual;26;184;强势;精准;左脚;中前卫、前腰;;;前腰;1.0;0.95;0.9;77.5;;;£1.64亿 - £1.97亿;164.0;197.0;180.5;83.0;80.0;73.3;65.0;67.5;78.2;80.2;85.2;17;11;17;16;10;7;19;11;16;16;15;13;10;12;15;18;13;19;13;14;13;13;16;13;18;17;19;17;18;16;17;15;17;17;14;14;105.5;1.04;1.0;1.05;115.2;92.2;138.2;传奇池;0;PASS;中场/前腰 (中);;中场/前腰 (中)
23049248;传奇;Roberto Baggio;意大利;Juventus;意甲;意甲;manual;26;174;精准;精准;双足;前腰、中锋;;;前腰;1.0;0.95;0.9;81.1;;;£1.62亿 - £1.94亿;162.0;194.0;178.0;81.7;90.2;93.0;33.5;79.5;55.2;77.5;61.5;19;4;18;17;5;3;14;12;18;19;17;19;16;17;10;13;16;16;8;11;18;16;18;20;18;16;13;19;13;4;13;18;13;17;7;7;138.9;1.04;1.03;1.05;156.2;125.0;187.4;传奇池;0;PASS;前腰 (中), 前锋 (中);;前腰 (中), 前锋 (中)
23244498;传奇;Michael Essien;加纳;Chelsea;英超;英超;manual;22;178;强势;精准;左脚;后腰、中前卫;中后卫、右边前卫;;中后卫;1.0;0.95;0.9;76.0;72.2;;£1.59亿 - £2.19亿;159.0;219.0;189.0;68.8;70.0;69.8;76.8;73.8;80.5;72.2;78.5;15;16;12;14;14;7;16;14;13;15;11;12;13;8;17;18;14;14;13;18;14;15;17;13;12;15;18;14;16;16;16;12;14;14;15;17;93.3;1.0;1.0;1.05;98.0;78.4;117.6;传奇池;0;PASS;未知;后卫 (中), 中场 (右);后卫 (中), 中场 (右中)
23380013;传奇;Luis Figo;葡萄牙;Real Madrid;西甲;西甲;manual;28;180;欠佳;精准;右脚;右边锋、右边前卫;中前卫、左边前卫、左边锋;前腰;右边锋;1.0;0.95;0.9;78.2;74.3;70.4;£1.59亿 - £1.87亿;159.0;187.0;173.0;78.5;79.2;85.5;48.0;82.2;71.5;70.8;74.2;18;9;15;16;5;4;16;8;15;15;15;18;16;17;15;14;16;15;12;16;19;17;12;15;16;18;13;15;13;12;19;15;14;17;13;12;111.5;1.05;1.0;1.05;122.9;98.3;147.5;传奇池;0;PASS;前腰 (右);中场 (左中), 前腰 (左);中场/前腰 (右左中)
23168727;传奇;Pavel Nedvěd;捷克;Juventus;意甲;意甲;manual;28;177;精准;精准;双足;左边锋、前腰、左边前卫;;;左边锋;1.0;0.95;0.9;74.2;;;£1.56亿 - £1.73亿;156.0;173.0;164.5;76.8;69.8;74.2;67.0;77.8;76.2;66.5;79.8;14;14;20;14;12;17;16;10;17;18;15;14;18;13;14;17;15;18;12;15;15;16;15;13;13;14;18;13;16;12;16;10;15;16;16;15;80.0;1.05;1.0;1.05;88.2;70.6;105.8;传奇池;0;PASS;前腰 (左);中场 (左), 前腰 (中);中场 (左), 前腰 (左中)
23265937;传奇;George Best;北爱尔兰;Manchester United;英超;英超;manual;19;175;精准;精准;双足;左边锋、右边锋;;前腰;左边锋;1.0;0.95;0.9;73.6;;66.2;£1.55亿 - £1.86亿;155.0;186.0;170.5;72.2;72.8;83.0;49.5;77.2;62.5;76.2;50.5;16;9;14;14;4;7;13;5;13;16;15;17;12;15;12;13;16;13;7;18;17;15;15;17;6;14;11;13;10;13;9;18;15;16;12;5;75.9;1.05;1.0;1.05;83.6;66.9;100.3;传奇池;0;PASS;未知;;前腰 (右左中)
36522011;传奇;Hernán Crespo;阿根廷;Inter Milan;意甲;意甲;manual;27;184;强势;精准;左脚;中锋;;;中锋;1.0;0.95;0.9;76.7;;;£1.5亿 - £1.7亿;150.0;170.0;160.0;83.0;69.2;79.0;38.0;81.5;78.2;68.8;63.5;16;6;18;13;5;10;10;18;10;15;20;15;12;6;17;18;16;10;16;16;17;16;15;18;10;18;13;12;5;5;18;18;13;16;15;6;98.9;1.08;1.0;1.05;112.1;89.7;134.5;传奇池;0;PASS;未知;;前锋 (中)
23048742;传奇;Dennis Bergkamp;荷兰;Arsenal;英超;英超;manual;26;183;强势;精准;左脚;中锋、前腰;;;中锋;1.0;0.95;0.9;82.1;;;£1.42亿 - £1.86亿;142.0;186.0;164.0;83.5;86.2;86.2;50.8;83.5;81.2;79.2;74.0;20;6;17;17;9;5;17;13;18;18;17;14;13;13;17;16;17;19;14;19;15;17;16;20;9;16;16;17;17;13;19;16;14;17;10;10;149.2;1.08;1.03;1.029;170.8;136.6;205.0;传奇池;0;PASS;前锋 (中);;前锋 (中)
23168705;传奇;John Terry;英格兰;Chelsea;英超;英超;manual;24;187;欠佳;精准;右脚;中后卫;;;中后卫;1.0;0.95;0.9;80.6;;;£1.41亿 - £1.73亿;141.0;173.0;157.0;59.5;66.0;62.0;87.8;67.2;80.2;82.8;91.2;12;18;11;14;16;4;5;20;5;14;11;12;6;2;17;15;13;15;17;14;12;14;18;11;19;15;18;12;18;19;19;18;16;17;19;17;133.8;1.0;1.03;1.037;143.0;114.4;171.6;传奇池;0;PASS;后卫 (中);;后卫 (中)
23244489;传奇;David Beckham;英格兰;Manchester United;英超;英超;manual;24;183;不错;精准;右脚;右边前卫、中前卫;;;右边前卫;1.0;0.95;0.9;72.2;;;£1.37亿 - £1.69亿;137.0;169.0;153.0;69.5;90.8;75.2;47.7;68.5;68.8;66.2;78.8;17;9;15;20;7;4;19;5;20;18;13;10;20;18;12;17;12;19;6;16;17;14;13;17;15;12;18;18;14;7;17;13;18;11;12;14;66.8;1.01;1.0;1.05;70.8;56.6;85.0;传奇池;0;PASS;中场 (右);;中场 (右中)
23168709;传奇;Ruud van Nistelrooy;荷兰;Manchester United;英超;英超;manual;28;188;不错;精准;右脚;中锋;;;中锋;1.0;0.95;0.9;76.2;;;£1.37亿 - £1.69亿;137.0;169.0;153.0;82.3;68.0;72.0;49.5;75.5;79.0;74.5;74.5;17;7;17;13;7;2;6;15;10;17;20;10;9;5;17;15;15;17;15;15;16;15;18;14;11;19;13;11;14;9;18;16;17;18;15;13;94.9;1.08;1.0;1.05;107.6;86.1;129.1;传奇池;0;PASS;前锋 (中);;前锋 (中)
2000307374;传奇;Adriano;巴西;Inter Milan;意甲;意甲;manual;22;189;精准;欠佳;左脚;中锋;;;中锋;1.0;0.95;0.9;82.8;;;£1.35亿 - £2.02亿;135.0;202.0;168.5;90.2;75.5;84.5;51.5;80.8;85.2;78.0;72.8;18;8;15;14;7;3;19;15;17;17;18;16;15;7;19;15;16;16;16;20;15;17;15;17;11;19;14;13;13;11;16;18;17;19;15;15;156.8;1.08;1.03;1.026;178.9;143.1;214.7;传奇池;0;PASS;前锋 (中);;前锋 (中)
23168718;传奇;Andriy Shevchenko;乌克兰;AC Milan;意甲;意甲;manual;28;183;强势;精准;左脚;中锋;;;中锋;1.0;0.95;0.9;78.3;;;£1.29亿 - £2.06亿;129.0;206.0;167.5;86.8;70.5;70.8;45.0;87.5;73.2;74.2;69.2;15;7;16;14;5;2;14;16;14;13;19;13;13;8;13;16;18;17;13;16;15;18;17;16;11;18;11;14;14;9;18;15;15;18;13;10;112.4;1.08;1.0;1.05;127.4;101.9;152.9;传奇池;0;PASS;前锋 (中);;前锋 (中)
23048798;传奇;Maradona;阿根廷;Napoli;意甲;意甲;manual;27;167;精准;欠佳;左脚;前腰;中锋;;前腰;1.0;0.95;0.9;90.5;86.0;;£1.27亿 - £2.02亿;127.0;202.0;164.5;84.2;95.5;98.0;53.5;85.0;66.8;95.8;91.5;20;7;19;18;3;3;17;4;20;20;16;20;16;19;13;16;17;15;5;16;18;17;19;20;20;15;19;20;19;17;20;20;18;20;15;12;257.6;1.04;1.08;0.975;282.0;225.6;338.4;传奇池;0;PASS;前腰 (中);前锋 (中);前腰 (中), 前锋 (中)
2000331565;传奇;Michael Ballack;德国;Bayern Munich;德甲;德甲;manual;28;189;强势;精准;左脚;中前卫、前腰;;;前腰;1.0;0.95;0.9;76.6;;;£1.26亿 - £1.55亿;126.0;155.0;140.5;82.5;78.7;73.2;72.5;68.2;79.8;77.5;78.8;17;15;17;16;14;10;17;18;14;17;17;11;14;12;15;15;13;19;15;18;14;14;16;14;17;15;14;14;15;13;18;17;16;17;14;16;98.1;1.04;1.0;1.05;107.1;85.7;128.5;传奇池;0;PASS;中场/前腰 (中);;中场/前腰 (中)
36522021;传奇;Diego Simeone;阿根廷;Atlético Madrid;西甲;西甲;manual;22;175;欠佳;精准;右脚;后腰;;中前卫;后腰;1.0;0.95;0.9;75.6;;68.0;£1.25亿 - £1.54亿;125.0;154.0;139.5;74.2;66.8;59.2;82.8;69.2;86.2;67.2;88.2;11;20;14;15;15;13;14;20;10;12;15;14;12;11;20;19;14;12;17;14;11;13;14;7;20;17;17;13;17;16;18;14;12;13;20;20;90.2;1.03;1.0;1.05;97.6;78.1;117.1;传奇池;0;PASS;未知;后腰;后腰, 中场 (中)
23219323;传奇;Steven Gerrard;英格兰;Liverpool;英超;英超;manual;24;183;还行;精准;右脚;中前卫、前腰;后腰、右边前卫;;中前卫;1.0;0.95;0.9;77.6;73.7;;£1.23亿 - £1.55亿;123.0;155.0;139.0;75.0;75.8;72.5;79.7;76.5;84.2;75.8;90.0;16;18;9;16;13;6;17;12;13;15;15;13;13;10;17;18;15;16;14;18;15;15;16;12;19;14;19;14;16;16;19;15;16;15;18;17;106.3;1.02;1.0;1.05;113.9;91.1;136.7;传奇池;0;PASS;中场 (中);后腰, 中场 (右), 前腰 (中);后腰, 中场 (右中), 前腰 (中)
23244583;传奇;Rivaldo;巴西;Barcelona;西甲;西甲;manual;26;186;精准;欠佳;左脚;前腰、中锋;中前卫;;前腰;1.0;0.95;0.9;79.4;75.4;;£1.23亿 - £1.54亿;123.0;154.0;138.5;84.8;85.0;89.2;50.5;85.5;78.2;66.0;56.5;20;12;18;17;6;5;19;15;15;15;17;18;18;17;15;17;17;16;13;17;18;17;14;18;11;18;10;17;7;12;14;14;4;13;16;17;122.3;1.04;1.0;1.032;131.3;105.0;157.6;传奇池;0;PASS;前腰 (中);中场 (中), 前锋 (中);中场/前腰 (中), 前锋 (中)
23168713;传奇;Kaká;巴西;AC Milan;意甲;意甲;manual;22;186;不错;精准;右脚;前腰;左边锋、右边锋;;前腰;1.0;0.95;0.9;78.8;74.9;;£1.22亿 - £1.5亿;122.0;150.0;136.0;81.0;85.8;89.0;47.3;79.0;72.5;68.5;61.5;19;11;13;17;8;7;16;11;14;17;17;18;16;14;14;14;15;17;12;17;17;17;14;17;12;17;11;17;13;4;13;16;13;16;13;9;116.8;1.04;1.0;1.036;125.9;100.7;151.1;传奇池;0;PASS;前腰 (中);前腰 (右左);前腰 (右左中)
23244496;传奇;Xavi;西班牙;Barcelona;西甲;西甲;manual;27;170;不错;精准;右脚;中前卫;后腰;;中前卫;1.0;0.95;0.9;78.7;74.8;;£1.21亿 - £1.93亿;121.0;193.0;157.0;71.3;95.2;82.2;63.0;64.5;55.2;89.5;76.5;19;9;14;20;11;5;14;6;16;19;11;14;13;17;9;16;13;12;8;10;16;11;19;16;14;16;17;19;18;15;16;19;17;18;11;9;115.9;1.02;1.0;1.05;124.2;99.4;149.0;传奇池;0;PASS;中场 (中);;中场 (中)
36522057;传奇;Gennaro Gattuso;意大利;AC Milan;意甲;意甲;manual;27;177;还行;精准;右脚;后腰;;中前卫、右边前卫;后腰;1.0;0.95;0.9;75.0;;67.5;£1.19亿 - £1.46亿;119.0;146.0;132.5;48.8;61.5;59.0;87.2;81.5;87.5;62.7;87.7;13;19;6;13;19;16;14;12;8;11;7;12;14;7;18;20;16;17;14;17;15;16;17;4;15;10;18;10;18;14;18;15;16;5;18;19;85.7;1.03;1.0;1.05;92.7;74.2;111.2;传奇池;0;PASS;未知;;后腰, 中场 (右中)
2000398315;传奇;Vicente;西班牙;Valencia;西甲;西甲;manual;23;176;精准;还行;左脚;左边锋;;;左边锋;1.0;0.95;0.9;76.2;;;£1.18亿 - £1.52亿;118.0;152.0;135.0;75.8;85.0;80.5;46.8;82.2;55.7;74.8;66.5;18;8;16;17;5;14;15;10;12;14;13;17;15;16;9;16;16;12;10;8;17;17;14;16;12;20;15;18;11;11;15;17;15;14;12;8;94.9;1.05;1.0;1.05;104.6;83.7;125.5;传奇池;0;PASS;前腰 (左);;前腰 (左)
23244569;传奇;Carles Puyol;西班牙;Barcelona;西甲;西甲;manual;27;178;欠佳;精准;右脚;中后卫、右后卫;;;中后卫;1.0;0.95;0.9;80.4;;;£1.18亿 - £1.46亿;118.0;146.0;132.0;49.5;55.7;59.2;94.7;87.2;79.5;65.5;89.2;13;19;8;12;20;11;10;14;5;14;8;11;12;7;18;19;18;20;12;6;15;17;18;7;18;10;17;8;18;18;17;10;19;9;19;19;131.9;1.0;1.03;1.017;138.2;110.6;165.8;传奇池;0;PASS;后卫 (中);后卫 (右);后卫 (右中)
23395783;传奇;Juan Román Riquelme;阿根廷;Villarreal;西甲;西甲;manual;26;182;强势;精准;左脚;前腰;中前卫;;前腰;1.0;0.95;0.9;78.6;74.7;;£1.14亿 - £1.48亿;114.0;148.0;131.0;82.5;91.2;85.8;41.8;62.5;56.8;77.2;65.0;18;7;19;18;5;10;17;5;18;17;17;17;18;19;12;12;12;14;6;13;17;12;15;18;17;16;10;19;9;7;18;19;16;15;10;7;115.0;1.04;1.0;1.033;123.6;98.9;148.3;传奇池;0;PASS;前腰 (中);中场 (中);中场/前腰 (中)
23244579;传奇;Joaquín;西班牙;Real Betis;西甲;西甲;manual;23;179;还行;精准;右脚;右边前卫、右边锋;;;右边锋;1.0;0.95;0.9;76.0;;;£1.11亿 - £1.44亿;111.0;144.0;127.5;76.5;84.0;85.2;41.0;81.2;58.2;67.8;62.0;17;9;9;17;3;15;17;8;13;17;15;19;18;16;13;15;16;8;10;8;16;17;11;17;10;18;9;16;12;9;16;17;11;15;15;9;93.3;1.05;1.0;1.05;102.9;82.3;123.5;传奇池;0;PASS;中场/前腰 (右);;中场/前腰 (右)
23244454;传奇;Ronald Koeman;荷兰;Barcelona;西甲;西甲;manual;27;181;不错;精准;右脚;中后卫;;;中后卫;1.0;0.95;0.9;76.5;;;£1.09亿 - £1.73亿;109.0;173.0;141.0;66.0;77.2;57.0;82.3;54.8;75.0;85.5;77.0;13;16;10;17;14;8;12;15;11;11;12;9;13;10;17;14;10;15;17;11;12;11;20;15;20;14;14;16;15;20;16;18;14;13;15;14;97.3;1.0;1.0;1.05;102.1;81.7;122.5;传奇池;0;PASS;后卫 (中);;后卫 (中)
23372648;传奇;Johan Cruyff;荷兰;Barcelona;西甲;西甲;manual;26;178;强势;精准;左脚;前腰、中锋;中前卫;;前腰;1.0;0.95;0.9;82.5;78.4;;£1.07亿 - £1.7亿;107.0;170.0;138.5;71.2;92.2;85.5;56.0;81.0;57.0;95.2;61.5;18;5;14;18;6;3;11;7;14;17;13;16;15;13;7;14;17;16;7;16;19;15;19;17;20;16;10;20;8;19;12;20;20;17;10;12;153.5;1.04;1.03;1.006;165.4;132.3;198.5;传奇池;0;PASS;未知;中场 (中), 前锋 (中);中场/前腰 (中), 前锋 (中)
2000331618;传奇;Gianluca Zambrotta;意大利;Juventus;意甲;意甲;manual;27;181;强势;精准;左脚;左后卫、左翼卫、右后卫;左边前卫;右边前卫;左后卫;1.0;0.95;0.9;73.5;69.8;66.2;£1.05亿 - £1.67亿;105.0;167.0;136.0;54.5;71.2;71.2;79.5;77.5;67.5;78.2;74.5;14;16;10;15;15;10;12;11;7;14;6;15;13;12;12;18;16;14;9;13;16;14;15;12;10;13;15;13;15;18;17;16;15;18;15;13;75.2;0.98;1.0;1.05;77.4;61.9;92.9;传奇池;0;PASS;后卫/翼卫 (左);中场 (左);后卫/翼卫 (左), 中场 (右左)
36522039;传奇;Ashley Cole;英格兰;Arsenal;英超;英超;manual;24;174;精准;欠佳;左脚;左后卫、左翼卫;;;左后卫;1.0;0.95;0.9;73.4;;;£1.04亿 - £1.35亿;104.0;135.0;119.5;64.2;65.5;71.8;75.5;89.0;73.2;66.3;69.2;15;17;12;14;15;12;12;11;10;14;11;15;13;2;13;19;18;18;10;14;15;18;14;11;11;16;17;10;14;14;13;14;14;14;13;13;74.5;0.98;1.0;1.05;76.7;61.4;92.0;传奇池;0;PASS;后卫/翼卫 (左);;后卫/翼卫 (左)
36522018;传奇;Franco Baresi;意大利;AC Milan;意甲;意甲;manual;27;176;还行;精准;右脚;中后卫;;;中后卫;1.0;0.95;0.9;77.7;;;£1.03亿 - £1.65亿;103.0;165.0;134.0;55.2;71.2;61.8;86.2;67.5;71.5;83.2;83.8;14;17;14;14;18;5;8;14;6;14;9;9;4;4;11;15;12;18;12;17;17;14;18;8;19;11;17;15;13;18;20;19;15;16;15;15;107.2;1.0;1.0;1.046;112.1;89.7;134.5;传奇池;0;PASS;后卫 (中);;后卫 (中)
2000306548;传奇;Andrés Iniesta;西班牙;Barcelona;西甲;西甲;manual;24;170;强势;精准;左脚;中前卫、前腰;;;中前卫;1.0;0.95;0.9;75.7;;;£1.01亿 - £1.61亿;101.0;161.0;131.0;71.8;90.8;87.5;57.0;68.8;46.0;81.5;71.5;19;10;13;19;10;6;13;5;11;19;12;17;14;15;8;13;13;11;6;7;17;14;18;18;11;17;17;17;18;10;15;18;16;17;10;5;91.0;1.02;1.0;1.05;97.5;78.0;117.0;传奇池;0;PASS;中场 (中);;中场/前腰 (中)
23244520;传奇;Wayne Rooney;英格兰;Manchester United;英超;英超;manual;19;176;精准;强势;右脚;中锋、前腰;左边锋、右边锋;;中锋;1.0;0.95;0.9;76.9;73.1;;£1.01亿 - £1.55亿;101.0;155.0;128.0;78.8;83.0;89.0;47.0;74.8;68.0;71.8;74.2;20;10;14;15;4;4;17;13;14;20;15;16;13;14;16;14;14;15;7;14;13;17;16;20;8;16;16;18;16;9;17;12;13;16;14;16;100.5;1.08;1.0;1.049;113.8;91.0;136.6;传奇池;0;PASS;前锋 (中);前腰 (右左);前腰 (右左), 前锋 (中)
36521997;传奇;Pablo Aimar;阿根廷;Valencia;西甲;西甲;manual;25;170;精准;不错;左脚;前腰;;;前腰;1.0;0.95;0.9;75.6;;;£1.01亿 - £1.25亿;101.0;125.0;113.0;75.5;82.5;86.0;43.0;80.0;39.2;69.8;69.2;19;9;16;15;5;12;15;4;15;17;14;16;16;17;6;12;16;9;5;9;20;16;14;18;13;18;14;18;15;7;19;14;16;14;5;8;90.2;1.04;1.0;1.047;98.2;78.6;117.8;传奇池;0;PASS;后卫/前腰 (中);;后卫/前腰 (中)
36522001;传奇;Fabio Cannavaro;意大利;Parma;意甲;意甲;manual;28;176;不错;精准;右脚;中后卫;;;中后卫;1.0;0.95;0.9;81.1;;;£1.01亿 - £1.25亿;101.0;125.0;113.0;57.5;59.2;55.0;94.0;79.5;79.0;77.5;88.5;14;20;6;14;18;8;6;7;4;8;12;10;7;4;15;16;16;13;18;16;15;16;18;6;18;12;16;8;17;20;20;17;16;16;18;17;138.9;1.0;1.03;0.995;142.3;113.8;170.8;传奇池;0;PASS;后卫 (中);;后卫 (中)
23168723;传奇;Sol Campbell;英格兰;Arsenal;英超;英超;manual;26;188;欠佳;精准;右脚;中后卫;;;中后卫;1.0;0.95;0.9;79.1;;;£1亿 - £1.3亿;100.0;130.0;115.0;58.2;52.0;53.7;85.2;78.5;89.8;70.0;85.8;11;18;14;11;16;6;9;18;9;10;11;12;8;2;20;18;17;19;18;14;10;15;16;7;17;12;19;8;18;18;16;15;16;13;17;16;119.6;1.0;1.0;1.013;121.1;96.9;145.3;传奇池;0;PASS;后卫 (中);;后卫 (中)
23342455;传奇;Eusébio;葡萄牙;Benfica;葡超;葡超;manual;24;175;强势;精准;左脚;前腰;;中锋;前腰;1.0;0.95;0.9;80.3;;72.3;£1亿 - £1.3亿;100.0;130.0;115.0;75.5;80.0;88.2;52.2;86.8;65.5;84.5;66.0;19;6;16;15;5;3;16;8;14;16;18;18;14;13;9;15;18;17;10;16;18;17;18;17;14;6;12;16;11;15;12;16;19;18;14;15;130.9;1.04;1.03;1.003;140.6;112.5;168.7;传奇池;0;PASS;未知;;前腰 (中), 前锋 (中)
23168730;传奇;Roy Keane;爱尔兰;Manchester United;英超;英超;manual;28;180;不错;精准;右脚;后腰、中前卫;;;后腰;1.0;0.95;0.9;78.8;;;£9900万 - £1.58亿;99.0;158.0;128.5;74.2;68.0;63.5;84.5;71.2;85.2;78.8;95.8;11;17;14;14;15;4;14;14;11;15;15;12;13;9;17;20;14;15;14;17;14;13;16;11;19;14;20;14;20;19;19;14;17;17;19;19;116.8;1.03;1.0;1.029;123.8;99.0;148.6;传奇池;0;PASS;后腰, 中场 (中);;后腰, 中场 (中)
23168707;传奇;Andrea Pirlo;意大利;AC Milan;意甲;意甲;manual;25;178;不错;精准;右脚;后腰、中前卫;;;后腰;1.0;0.95;0.9;71.5;;;£9900万 - £1.28亿;99.0;128.0;113.5;70.5;95.8;87.5;57.0;63.0;59.2;77.0;65.5;18;10;18;20;9;8;17;9;17;20;12;17;15;16;12;14;12;14;7;12;16;12;14;17;11;15;14;20;16;13;12;17;16;12;11;11;62.5;1.03;1.0;1.05;67.6;54.1;81.1;传奇池;0;PASS;后腰;中场 (中);后腰, 中场 (中)
23244526;传奇;Marco van Basten;荷兰;AC Milan;意甲;意甲;manual;22;186;强势;精准;左脚;中锋;;;中锋;1.0;0.95;0.9;78.0;;;£9800万 - £1.56亿;98.0;156.0;127.0;76.5;83.8;78.5;53.8;82.8;72.5;82.0;74.8;18;6;18;18;7;4;10;17;11;14;18;14;7;4;15;14;18;15;16;14;18;15;16;17;15;14;14;18;12;18;20;15;14;17;12;13;109.7;1.08;1.0;1.035;122.7;98.2;147.2;传奇池;0;PASS;未知;;前锋 (中)
23168719;传奇;Carlos Tevez;阿根廷;West Ham;英超;英超;manual;21;171;不错;精准;右脚;前腰、中锋;;;前腰;1.0;0.95;0.9;75.5;;;£9800万 - £1.27亿;98.0;127.0;112.5;75.8;80.2;83.8;34.0;79.8;66.5;66.5;75.0;17;7;15;16;3;2;14;7;13;15;16;17;13;12;15;16;16;10;11;14;19;15;11;18;11;16;15;17;15;4;20;15;15;17;11;10;89.5;1.04;1.0;1.047;97.4;77.9;116.9;传奇池;0;PASS;未知;前腰 (中);前腰 (中), 前锋 (中)
23174668;传奇;Alessandro Nesta;意大利;AC Milan;意甲;意甲;manual;26;187;不错;精准;右脚;中后卫;;;中后卫;1.0;0.95;0.9;78.6;;;£9600万 - £1.54亿;96.0;154.0;125.0;36.8;67.0;63.5;92.0;72.8;73.0;80.0;77.8;14;20;13;15;19;7;4;17;4;14;4;10;4;4;14;15;15;13;15;16;14;14;18;12;16;5;13;11;14;18;19;17;15;17;15;15;115.0;1.0;1.0;1.027;118.1;94.5;141.7;传奇池;0;PASS;后卫 (中);;后卫 (中)
23244490;传奇;Patrick Kluivert;荷兰;Barcelona;西甲;西甲;manual;22;188;强势;精准;左脚;中锋;;;中锋;1.0;0.95;0.9;73.5;;;£9600万 - £1.52亿;96.0;152.0;124.0;74.8;73.5;81.7;42.2;81.2;71.3;63.0;63.3;19;9;18;15;4;5;15;18;10;13;15;17;11;6;16;15;16;12;17;12;16;17;11;17;8;17;14;13;6;9;18;15;13;13;11;14;75.2;1.08;1.0;1.05;85.3;68.2;102.4;传奇池;0;PASS;前锋 (中);;前锋 (中)
23219314;传奇;Bobby Charlton;英格兰;Manchester United;英超;英超;manual;27;174;精准;精准;双足;前腰、中前卫;;左边锋;前腰;1.0;0.95;0.9;76.0;;68.4;£9500万 - £1.52亿;95.0;152.0;123.5;78.0;76.2;74.5;68.8;66.2;71.0;82.8;79.8;15;12;15;15;11;3;20;5;15;16;13;14;14;15;14;17;13;19;2;17;15;12;18;14;17;14;13;15;15;15;18;17;18;17;16;14;93.3;1.04;1.0;1.05;101.9;81.5;122.3;传奇池;0;PASS;前腰 (中);;中场 (中), 前腰 (左中)
36522046;传奇;Jermain Defoe;英格兰;Tottenham Hotspur;英超;英超;manual;22;171;还行;精准;右脚;中锋;;;中锋;1.0;0.95;0.9;73.8;;;£9500万 - £1.51亿;95.0;151.0;123.0;83.5;66.5;76.8;30.5;80.8;61.2;69.2;57.5;16;2;16;12;2;8;16;13;12;13;18;16;9;10;11;13;16;16;9;17;17;17;17;14;8;15;14;15;7;9;17;12;12;17;6;10;77.2;1.08;1.0;1.05;87.6;70.1;105.1;传奇池;0;PASS;未知;;前锋 (中)
23244470;传奇;Daniel Alves;巴西;Barcelona;西甲;西甲;manual;27;172;还行;精准;右脚;右翼卫、右后卫;右边前卫;;右翼卫;1.0;0.95;0.9;73.7;70.0;;£9300万 - £1.48亿;93.0;148.0;120.5;64.0;72.5;74.8;64.8;88.2;72.0;68.5;76.8;15;13;13;15;12;15;12;9;14;15;11;15;12;14;14;20;18;18;6;12;16;17;13;15;12;16;18;14;15;13;16;14;14;14;15;13;76.5;1.0;1.0;1.05;80.4;64.3;96.5;传奇池;0;PASS;未知;翼卫/中场 (右);后卫/翼卫/中场 (右)
23168735;传奇;Cesc Fàbregas;西班牙;Arsenal;英超;英超;manual;17;179;欠佳;精准;右脚;中前卫、前腰;;;中前卫;1.0;0.95;0.9;78.4;;;£9200万 - £1.2亿;92.0;120.0;106.0;75.0;92.0;79.0;69.5;66.5;66.0;81.7;73.2;18;13;9;20;13;9;13;12;12;17;17;15;16;10;12;15;13;12;12;14;14;13;16;13;7;13;16;18;16;14;16;17;16;18;15;10;113.2;1.02;1.0;1.01;116.6;93.3;139.9;传奇池;0;PASS;未知;;中场 (中)
23049237;传奇;Ruud Gullit;荷兰;AC Milan;意甲;意甲;manual;25;191;精准;精准;双足;中锋、中前卫、前腰;;;中锋;1.0;0.95;0.9;71.1;;;£8800万 - £1.08亿;88.0;108.0;98.0;73.2;75.0;76.8;54.0;69.5;75.2;60.5;65.5;14;7;18;17;16;5;14;19;9;16;17;17;16;9;17;16;14;16;17;11;11;14;12;19;15;13;14;13;12;12;18;13;6;12;10;8;60.2;1.08;1.0;1.05;68.2;54.6;81.8;传奇池;0;PASS;未知;;中场/前腰 (中), 前锋 (中)
23447657;传奇;Tomas Rosicky;捷克;Borussia Dortmund;德甲;德甲;manual;24;179;不错;精准;右脚;中前卫、前腰;;;中前卫;1.0;0.95;0.9;73.5;;;£8800万 - £1.08亿;88.0;108.0;98.0;66.0;82.5;82.8;59.8;68.0;61.5;77.5;69.0;17;10;10;16;11;3;12;8;14;16;12;16;15;16;11;15;13;14;7;16;17;13;16;18;15;15;13;18;15;13;16;15;15;15;10;9;75.2;1.02;1.0;1.05;80.5;64.4;96.6;传奇池;0;PASS;中场 (中);;中场/前腰 (中)
23413404;传奇;Ryan Giggs;威尔士;Manchester United;英超;英超;manual;26;181;精准;欠佳;左脚;左边前卫、左边锋;;;左边锋;1.0;0.95;0.9;74.7;;;£8700万 - £1.39亿;87.0;139.0;113.0;58.0;71.0;90.2;46.5;90.0;64.7;63.8;73.2;19;7;11;12;7;7;7;5;14;16;11;18;14;16;9;18;18;18;4;18;18;18;13;20;13;17;18;15;17;11;15;11;14;11;11;8;83.6;1.05;1.0;1.05;92.1;73.7;110.5;传奇池;0;PASS;中场/前腰 (左);;中场/前腰 (左)
23048751;传奇;Alexis Sánchez;智利;Arsenal;英超;英超;manual;25;169;欠佳;精准;右脚;左边锋、右边锋;前腰;中锋;左边锋;1.0;0.95;0.9;75.8;72.0;68.2;£8700万 - £1.13亿;87.0;113.0;100.0;79.0;80.0;71.0;53.2;83.3;73.5;70.5;75.2;17;11;12;16;8;3;15;14;15;15;16;8;14;13;12;17;15;16;11;17;19;18;15;18;11;18;17;17;12;8;16;14;14;15;17;16;91.8;1.05;1.0;1.027;99.0;79.2;118.8;传奇池;0;PASS;前腰 (左);前腰 (右中);前腰 (右左中), 前锋 (中)
23168712;传奇;Antonio Cassano;意大利;Roma;意甲;意甲;manual;22;175;强势;精准;左脚;左边锋;;中锋;左边锋;1.0;0.95;0.9;77.8;;70.0;£8600万 - £1.38亿;86.0;138.0;112.0;77.0;82.8;94.5;38.0;78.8;64.0;71.5;52.0;20;6;13;16;3;5;14;15;5;18;15;19;15;7;9;16;15;14;13;16;18;16;18;20;15;18;10;16;8;5;8;14;18;13;9;11;108.0;1.05;1.0;1.021;115.8;92.6;139.0;传奇池;0;PASS;未知;;前腰 (左), 前锋 (中)
36522050;传奇;Diego Forlán;乌拉圭;Villarreal;西甲;西甲;manual;25;180;精准;不错;左脚;中锋;;;中锋;1.0;0.95;0.9;71.4;;;£8600万 - £1.37亿;86.0;137.0;111.5;71.0;68.7;76.5;47.5;86.7;69.0;55.0;70.3;15;7;15;14;9;5;15;15;13;16;15;15;14;14;12;17;17;14;13;15;17;18;11;14;9;18;17;12;15;11;17;13;13;5;11;6;61.9;1.08;1.0;1.05;70.2;56.2;84.2;传奇池;0;PASS;前锋 (中);;前锋 (中)
36522038;传奇;Gaël Clichy;法国;Arsenal;英超;英超;manual;19;176;精准;还行;左脚;左后卫;;;左后卫;1.0;0.95;0.9;69.9;;;£8600万 - £1.37亿;86.0;137.0;111.5;55.2;60.5;65.0;72.0;88.0;69.8;63.2;71.0;13;16;3;13;14;12;10;11;11;13;10;13;12;10;12;17;18;13;13;15;15;18;13;10;15;13;15;10;13;14;15;12;13;15;14;12;53.5;0.98;1.0;1.05;55.0;44.0;66.0;传奇池;0;PASS;未知;;后卫 (左)
23380017;传奇;Tuncay Şanlı;土耳其;Fenerbahçe;土超;土超;manual;23;181;强势;精准;左脚;中锋;前腰;左边锋;中锋;1.0;0.95;0.9;68.1;64.7;61.3;£8600万 - £1.06亿;86.0;106.0;96.0;71.8;56.8;72.2;41.0;81.0;64.8;57.8;57.0;18;10;8;7;3;10;15;16;14;15;15;15;13;5;13;16;16;14;15;11;11;18;10;8;3;16;16;11;17;11;14;13;10;15;5;2;44.4;1.08;1.0;1.05;50.3;40.2;60.4;传奇池;0;PASS;未知;前腰 (中), 前锋 (中);前腰 (左中), 前锋 (中)
36522053;传奇;William Gallas;法国;Chelsea;英超;英超;manual;27;181;还行;精准;右脚;中后卫;左后卫;;中后卫;1.0;0.95;0.9;74.8;71.1;;£8600万 - £1.06亿;86.0;106.0;96.0;53.5;62.2;69.0;76.8;80.5;80.8;71.0;72.8;15;16;3;11;16;6;9;16;3;14;9;12;9;2;17;16;17;17;14;17;16;15;14;12;10;13;15;12;16;16;16;15;12;16;15;14;84.3;1.0;1.0;1.033;87.1;69.7;104.5;传奇池;0;PASS;未知;后卫 (左);后卫 (左中)
23168720;传奇;Patrick Vieira;法国;Arsenal;英超;英超;manual;27;192;不错;精准;右脚;后腰、中前卫;;;后腰;1.0;0.95;0.9;81.0;;;£8400万 - £1.35亿;84.0;135.0;109.5;70.0;76.0;75.5;80.2;75.2;92.5;78.2;89.8;19;18;13;16;13;4;13;16;6;15;13;13;8;4;19;20;15;18;18;17;14;14;18;12;17;14;19;13;17;16;19;16;15;16;18;19;137.8;1.03;1.03;0.993;145.2;116.2;174.2;传奇池;0;PASS;后腰;中场 (中);后腰, 中场 (中)
23168706;传奇;Francesco Totti;意大利;Roma;意甲;意甲;manual;28;180;精准;精准;双足;前腰;;中锋;前腰;1.0;0.95;0.9;77.3;;69.6;£8400万 - £1.34亿;84.0;134.0;109.0;80.3;85.2;80.5;44.5;69.5;70.5;73.5;76.0;17;7;15;16;6;5;16;11;14;19;16;13;15;14;16;12;14;14;11;17;15;14;19;18;18;17;10;19;16;7;19;15;13;12;14;17;103.8;1.04;1.0;1.023;110.4;88.3;132.5;传奇池;0;PASS;前腰 (中);;前腰 (中), 前锋 (中)
36522017;传奇;Romário;巴西;PSV;荷甲;荷甲;manual;26;167;精准;精准;双足;中锋;;;中锋;1.0;0.95;0.9;77.4;;;£8400万 - £1.03亿;84.0;103.0;93.5;83.0;79.8;86.0;41.8;83.5;63.0;73.7;58.5;17;8;14;16;3;2;15;13;14;18;18;17;10;3;12;13;17;16;9;15;18;17;17;17;14;16;12;16;6;9;15;15;12;17;10;11;104.6;1.08;1.0;1.005;113.5;90.8;136.2;传奇池;0;PASS;未知;;前锋 (中)
23168729;传奇;Gary Neville;英格兰;Manchester United;英超;英超;manual;26;180;还行;精准;右脚;右后卫;中后卫;;中后卫;1.0;0.95;0.9;79.0;75.0;;£8400万 - £1.03亿;84.0;103.0;93.5;49.5;65.8;55.3;90.0;67.0;75.0;80.0;90.5;16;19;6;13;17;17;9;18;3;13;4;6;14;4;14;18;13;16;11;13;12;13;19;8;18;14;17;10;18;17;19;17;18;17;19;16;118.6;1.0;1.0;0.992;117.7;94.2;141.2;传奇池;0;PASS;未知;后卫 (中);后卫 (右中)
36522015;传奇;Edgar Davids;荷兰;Juventus;意甲;意甲;manual;26;170;精准;还行;左脚;中前卫、后腰;;;中前卫;1.0;0.95;0.9;75.9;;;£8300万 - £1.08亿;83.0;108.0;95.5;63.3;70.5;64.2;87.0;87.2;86.2;74.2;92.2;15;18;13;14;19;15;18;10;16;14;8;7;14;15;18;16;17;15;18;18;19;18;19;14;18;11;19;15;18;15;20;11;14;15;19;18;92.5;1.02;1.0;1.021;96.3;77.0;115.6;传奇池;0;PASS;中场 (中);后腰;后腰, 中场 (中)
36522022;传奇;Roberto Carlos;巴西;Real Madrid;西甲;西甲;manual;23;168;精准;欠佳;左脚;左后卫、左翼卫;;;左翼卫;1.0;0.95;0.9;71.3;;;£8200万 - £1.31亿;82.0;131.0;106.5;76.5;65.8;60.8;61.0;91.2;69.0;70.8;76.2;14;12;13;12;8;17;19;5;19;10;13;10;14;15;16;17;18;17;10;5;18;19;16;16;6;18;17;15;15;15;18;14;12;11;16;18;61.3;1.0;1.0;1.05;64.4;51.5;77.3;传奇池;0;PASS;后卫/翼卫 (左);;后卫/翼卫 (左)
36522019;传奇;Frank Rijkaard;荷兰;AC Milan;意甲;意甲;manual;25;190;不错;精准;右脚;后腰、中后卫;中前卫;;后腰;1.0;0.95;0.9;75.4;71.6;;£8200万 - £1.07亿;82.0;107.0;94.5;69.8;68.5;61.5;81.2;57.2;90.0;74.8;78.0;14;17;10;15;14;10;16;16;13;14;13;9;8;7;18;20;9;17;17;18;12;12;16;12;15;13;16;13;17;17;13;13;18;15;17;15;88.7;1.03;1.0;1.025;93.6;74.9;112.3;传奇池;0;PASS;后腰;中场 (中);后卫 (中), 后腰, 中场 (中)
23048638;传奇;Robert Pirès;法国;Arsenal;英超;英超;manual;26;187;强势;精准;左脚;左边锋、左边前卫;前腰、右边前卫、右边锋;;左边锋;1.0;0.95;0.9;72.6;69.0;;£8100万 - £1.3亿;81.0;130.0;105.5;68.5;77.5;81.0;48.7;81.2;60.8;66.5;53.0;17;9;16;16;8;5;12;11;13;14;14;16;16;18;12;13;16;11;11;17;18;17;13;17;8;15;12;15;14;11;11;14;12;13;7;6;69.3;1.05;1.0;1.05;76.4;61.1;91.7;传奇池;0;PASS;未知;中场 (右), 前腰 (右中);中场 (右左), 前腰 (右左中)
2000233525;传奇;Luis Enrique;西班牙;Barcelona;西甲;西甲;manual;26;180;不错;精准;右脚;右边锋、右边前卫;前腰;;右边锋;1.0;0.95;0.9;73.2;69.5;;£8100万 - £1亿;81.0;100.0;90.5;69.7;73.2;77.8;61.3;79.8;68.8;62.5;79.8;15;11;7;16;12;12;12;12;12;16;16;16;15;13;14;18;16;12;7;14;17;15;12;14;10;16;17;13;19;13;16;12;13;12;17;17;73.2;1.05;1.0;1.045;80.3;64.2;96.4;传奇池;0;PASS;未知;前腰 (右中);中场 (右), 前腰 (右中)
23244494;传奇;Michael Laudrup;丹麦;Barcelona;西甲;西甲;manual;28;183;欠佳;精准;右脚;前腰;中前卫、中锋;;前腰;1.0;0.95;0.9;77.5;73.6;;£8000万 - £1.28亿;80.0;128.0;104.0;74.2;81.5;83.2;50.0;86.2;70.0;73.5;67.5;18;9;15;15;5;5;14;9;11;13;16;17;15;14;12;16;17;14;9;19;17;18;11;18;13;17;14;18;15;14;13;18;14;12;15;5;105.5;1.04;1.0;1.015;111.4;89.1;133.7;传奇池;0;PASS;前腰 (中);中场 (中), 前锋 (中);中场/前腰 (中), 前锋 (中)
23168722;传奇;Paul Scholes;英格兰;Manchester United;英超;英超;manual;27;170;强势;精准;左脚;中前卫、前腰;;;前腰;1.0;0.95;0.9;77.3;;;£7900万 - £1.26亿;79.0;126.0;102.5;77.0;84.2;82.8;64.5;55.0;65.8;79.5;78.5;17;12;19;17;10;3;14;15;13;19;15;15;15;9;14;14;10;11;8;16;16;10;15;16;5;16;17;16;18;15;18;17;15;17;16;14;103.8;1.04;1.0;1.016;109.6;87.7;131.5;传奇池;0;PASS;中场/前腰 (中);;中场/前腰 (中)
23244505;传奇;Deco;巴西;Barcelona;西甲;西甲;manual;28;174;还行;精准;右脚;中前卫、前腰;;;前腰;1.0;0.95;0.9;79.1;;;£7900万 - £9800万;79.0;98.0;88.5;79.8;89.2;85.8;62.2;61.5;60.0;78.0;72.2;19;13;15;18;9;10;17;6;17;18;16;17;17;17;11;13;12;12;9;14;14;12;16;16;10;16;15;17;16;13;15;18;14;14;14;16;119.6;1.04;1.0;0.987;122.7;98.2;147.2;传奇池;0;PASS;中场/前腰 (中);;中场/前腰 (中)
23184862;传奇;Cafú;巴西;AC Milan;意甲;意甲;manual;23;176;欠佳;精准;右脚;右后卫、右翼卫;;;右翼卫;1.0;0.95;0.9;75.5;;;£7800万 - £1.24亿;78.0;124.0;101.0;68.5;71.0;81.0;64.5;94.0;74.5;70.5;67.0;17;12;10;15;11;15;14;10;13;15;12;16;15;15;15;17;18;16;12;15;20;20;14;14;15;16;15;11;4;15;17;14;15;16;13;12;89.5;1.0;1.0;1.032;92.3;73.8;110.8;传奇池;0;PASS;后卫/翼卫 (右);;后卫/翼卫 (右)
36521999;传奇;Joe Cole;英格兰;Chelsea;英超;英超;manual;21;172;不错;精准;右脚;前腰;左边锋;;前腰;1.0;0.95;0.9;71.5;67.9;;£7800万 - £1.02亿;78.0;102.0;90.0;69.5;73.5;84.5;49.8;70.5;64.7;62.2;67.2;18;12;12;14;8;6;12;11;15;13;14;17;11;13;13;12;13;18;8;18;18;15;13;20;7;17;14;17;16;7;18;10;13;13;7;14;62.5;1.04;1.0;1.05;68.3;54.6;82.0;传奇池;0;PASS;未知;前腰 (左);前腰 (左中)
23460695;传奇;Walter Samuel;阿根廷;Inter Milan;意甲;意甲;manual;26;183;精准;欠佳;左脚;中后卫;;;中后卫;1.0;0.95;0.9;73.9;;;£7800万 - £1.01亿;78.0;101.0;89.5;51.0;48.8;48.2;85.0;59.5;84.8;64.0;73.0;11;19;5;11;18;16;11;19;7;7;9;10;6;3;18;18;12;11;18;18;12;10;15;4;14;9;13;7;11;16;17;15;12;13;18;16;77.9;1.0;1.0;1.034;80.6;64.5;96.7;传奇池;0;PASS;后卫 (中);;后卫 (中)
23048632;传奇;Miroslav Klose;波兰;SV Werder Bremen;德甲;德甲;manual;26;184;不错;精准;右脚;中锋;;;中锋;1.0;0.95;0.9;68.5;;;£7600万 - £1.22亿;76.0;122.0;99.0;63.5;68.5;67.5;48.0;80.2;73.5;64.2;69.5;13;9;12;13;6;3;7;19;9;16;12;12;10;10;12;15;16;18;17;15;14;17;14;13;11;19;12;16;14;11;18;11;12;13;12;16;46.3;1.08;1.0;1.05;52.5;42.0;63.0;传奇池;0;PASS;前锋 (中);;前锋 (中)
23048278;传奇;Nemanja Vidic;塞尔维亚;Manchester United;英超;英超;manual;25;190;不错;精准;右脚;中后卫;;;中后卫;1.0;0.95;0.9;74.8;;;£7600万 - £1.2亿;76.0;120.0;98.0;41.5;52.5;50.8;82.0;69.8;85.0;65.2;81.0;13;17;8;12;17;3;4;18;3;13;8;6;3;3;18;17;14;16;18;14;14;13;17;4;12;6;15;6;16;15;18;14;14;14;19;17;84.3;1.0;1.0;1.036;87.3;69.8;104.8;传奇池;0;PASS;未知;;后卫 (中)
23048077;传奇;Yaya Touré;科特迪瓦;Manchester City;英超;英超;manual;26;191;不错;精准;右脚;后腰、中前卫;;;后腰;1.0;0.95;0.9;74.3;;;£7600万 - £9300万;76.0;93.0;84.5;60.0;75.2;70.5;77.5;68.2;80.2;70.0;74.0;16;16;11;16;16;9;15;16;15;14;9;13;12;10;18;16;13;15;14;16;13;14;14;13;9;13;17;15;15;15;15;13;15;13;16;12;80.7;1.03;1.0;1.022;85.0;68.0;102.0;传奇池;0;PASS;未知;中场 (中);后腰, 中场 (中)
23244508;传奇;Michael Owen;英格兰;Newcastle;英超;英超;manual;25;173;欠佳;精准;右脚;中锋;;;中锋;1.0;0.95;0.9;77.1;;;£7300万 - £1.17亿;73.0;117.0;95.0;83.0;71.0;75.0;51.8;84.5;64.2;78.2;73.3;17;6;11;13;7;3;13;13;8;14;19;14;12;5;11;16;17;14;9;15;17;17;18;13;12;17;13;14;16;14;18;16;16;16;12;11;102.1;1.08;1.0;1.009;111.3;89.0;133.6;传奇池;0;PASS;前锋 (中);;前锋 (中)
23168710;传奇;Lúcio;巴西;Bayern Munich;德甲;德甲;manual;26;187;不错;精准;右脚;中后卫;;;中后卫;1.0;0.95;0.9;76.6;;;£7300万 - £1.16亿;73.0;116.0;94.5;62.8;63.0;64.2;75.5;79.8;85.8;70.5;84.5;12;16;11;13;16;5;12;16;7;13;12;12;4;2;17;16;17;20;17;17;11;16;15;17;16;13;15;13;17;13;20;15;14;13;16;19;98.1;1.0;1.0;1.013;99.3;79.4;119.2;传奇池;0;PASS;后卫 (中);;后卫 (中)
23168728;传奇;Bastian Schweinsteiger;德国;Bayern Munich;德甲;德甲;manual;21;183;强势;精准;左脚;中前卫、后腰;左边前卫、右边前卫;前腰;前腰;1.0;0.95;0.9;71.9;68.3;64.7;£7100万 - £1.13亿;71.0;113.0;92.0;65.0;75.5;79.5;60.7;71.5;74.0;64.5;73.2;17;11;13;15;13;11;14;9;12;14;13;17;15;15;15;16;14;17;13;13;15;14;12;16;13;14;14;15;15;11;16;14;15;10;14;14;64.9;1.04;1.0;1.05;70.9;56.7;85.1;传奇池;0;PASS;未知;中场/前腰 (右左);中场/前腰 (右左中)
23168703;传奇;Obafemi Martins;尼日利亚;Inter Milan;意甲;意甲;manual;20;170;精准;还行;左脚;中锋;;;中锋;1.0;0.95;0.9;70.6;;;£7000万 - £9100万;70.0;91.0;80.5;72.5;58.5;73.0;48.2;87.0;68.0;62.0;57.3;14;8;10;13;7;5;14;11;8;13;16;15;12;8;15;14;17;12;11;16;17;19;16;15;7;14;12;7;9;10;13;14;13;12;12;13;57.3;1.08;1.0;1.05;65.0;52.0;78.0;传奇池;0;PASS;未知;;前锋 (中)
36522007;传奇;Ricardo Carvalho;葡萄牙;Chelsea;英超;英超;manual;26;183;欠佳;精准;右脚;中后卫;;;中后卫;1.0;0.95;0.9;74.2;;;£6800万 - £8800万;68.0;88.0;78.0;50.0;51.2;52.0;84.2;69.2;74.0;74.8;81.5;10;15;11;11;18;11;6;14;7;12;9;9;5;5;14;15;13;14;16;14;16;14;16;5;15;9;16;7;15;18;17;17;18;17;17;15;80.0;1.0;1.0;1.014;81.1;64.9;97.3;传奇池;0;PASS;未知;;后卫 (中)
36522045;传奇;Sergi;西班牙;Barcelona;西甲;西甲;manual;27;173;精准;欠佳;左脚;左后卫;中后卫、后腰;;左后卫;1.0;0.95;0.9;71.8;68.2;;£6800万 - £8300万;68.0;83.0;75.5;69.5;65.5;63.8;70.2;95.0;63.8;67.5;73.8;12;15;7;14;12;11;15;3;8;12;13;14;14;13;12;20;19;16;4;7;18;19;13;10;8;17;19;12;16;15;12;15;14;13;17;16;64.3;0.98;1.0;1.037;65.4;52.3;78.5;传奇池;0;PASS;未知;后卫 (中), 后腰;后卫 (左中), 后腰
36522010;传奇;Cristian Chivu;罗马尼亚;Roma;意甲;意甲;manual;24;184;精准;还行;左脚;左后卫、中后卫;;;中后卫;1.0;0.95;0.9;73.4;;;£6700万 - £1.07亿;67.0;107.0;87.0;61.5;71.8;64.5;78.5;67.0;70.2;74.8;76.0;15;17;14;15;16;9;11;16;16;9;12;13;12;11;15;15;13;8;15;15;15;13;13;12;18;11;13;15;15;15;16;16;15;17;16;13;74.5;1.0;1.0;1.037;77.2;61.8;92.6;传奇池;0;PASS;后卫 (左中);;后卫 (左中)
23048854;传奇;Alan Shearer;英格兰;Newcastle;英超;英超;manual;26;183;欠佳;精准;右脚;中锋;;;中锋;1.0;0.95;0.9;77.6;;;£6600万 - £1.06亿;66.0;106.0;86.0;87.0;74.2;70.8;48.2;68.8;83.2;72.2;84.5;16;8;19;14;8;2;16;17;17;13;19;13;13;17;18;17;13;18;14;15;13;14;17;16;19;17;15;16;17;6;18;16;15;15;17;18;106.3;1.08;1.0;0.995;114.2;91.4;137.0;传奇池;0;PASS;未知;;前锋 (中)
23168724;传奇;Alessandro Del Piero;意大利;Juventus;意甲;意甲;manual;24;173;强势;精准;左脚;前腰、中锋;左边锋;;前腰;1.0;0.95;0.9;74.1;70.4;;£6600万 - £1.05亿;66.0;105.0;85.5;69.8;79.8;84.2;67.0;68.2;68.5;65.2;71.0;20;15;17;16;14;5;13;13;19;16;14;15;16;15;13;14;14;12;12;19;14;13;13;18;18;15;15;15;12;11;15;12;13;13;12;15;79.3;1.04;1.0;1.026;84.6;67.7;101.5;传奇池;0;PASS;前腰 (中), 前锋 (中);前腰 (左);前腰 (左中), 前锋 (中)
23244486;传奇;Rio Ferdinand;英格兰;Manchester United;英超;英超;manual;27;189;还行;精准;右脚;中后卫;;;中后卫;1.0;0.95;0.9;76.4;;;£6600万 - £1.05亿;66.0;105.0;85.5;37.8;63.2;72.0;85.8;79.2;77.2;80.2;58.8;18;16;8;12;18;2;2;17;2;15;3;11;3;3;13;17;16;17;17;16;17;15;19;11;10;10;9;10;11;20;15;16;13;18;13;6;96.5;1.0;1.0;1.004;96.8;77.4;116.2;传奇池;0;PASS;后卫 (中);;后卫 (中)
2000400811;传奇;Dejan Stankovic;塞尔维亚;Inter Milan;意甲;意甲;manual;26;181;强势;精准;左脚;前腰;;中前卫、左边前卫、右边前卫、左边锋、右边锋;前腰;1.0;0.95;0.9;70.8;;63.7;£6400万 - £8300万;64.0;83.0;73.5;70.8;73.2;74.5;59.2;63.0;66.5;71.5;69.5;15;11;8;14;11;4;16;14;13;15;13;15;15;13;14;15;13;11;10;15;14;11;15;15;13;15;14;15;14;11;14;15;14;15;14;14;58.4;1.04;1.0;1.047;63.6;50.9;76.3;传奇池;0;PASS;未知;;中场/前腰 (右左中)
23244584;传奇;David Trezeguet;法国;Juventus;意甲;意甲;manual;27;187;精准;精准;双足;中锋;;;中锋;1.0;0.95;0.9;72.0;;;£6200万 - £9800万;62.0;98.0;80.0;82.5;67.8;66.2;39.8;66.5;74.5;70.5;61.2;12;5;11;15;4;6;12;19;5;18;19;10;7;3;15;14;13;13;19;15;15;13;16;14;10;18;11;11;10;8;14;16;16;17;13;10;65.5;1.08;1.0;1.043;73.8;59.0;88.6;传奇池;0;PASS;前锋 (中);;前锋 (中)
23244495;传奇;Pep Guardiola;西班牙;Barcelona;西甲;西甲;manual;25;180;欠佳;精准;右脚;后腰;;中前卫;后腰;1.0;0.95;0.9;77.1;;69.4;£6200万 - £8100万;62.0;81.0;71.5;48.8;73.8;59.3;89.0;73.0;80.5;74.0;84.8;16;19;8;16;19;6;8;18;8;12;7;7;8;8;16;20;14;14;17;13;14;14;12;13;17;13;17;15;17;19;19;14;16;15;15;14;102.1;1.03;1.0;0.982;103.3;82.6;124.0;传奇池;0;PASS;未知;;后腰, 中场 (中)
36522051;传奇;Santi Cazorla;西班牙;Arsenal;英超;英超;manual;22;169;强势;精准;左脚;前腰、中前卫;;左边前卫、右边前卫、左边锋、右边锋;前腰;1.0;0.95;0.9;71.0;;63.9;£6200万 - £8000万;62.0;80.0;71.0;67.0;76.5;79.0;41.2;77.5;51.8;66.8;62.8;17;6;12;14;5;13;13;8;12;15;14;17;14;12;7;13;16;15;6;11;14;16;11;15;12;14;11;17;14;11;15;14;13;14;12;4;59.6;1.04;1.0;1.039;64.4;51.5;77.3;传奇池;0;PASS;未知;中场/前腰 (中);中场/前腰 (右左中)
2000214661;传奇;Jordi Alba;西班牙;Barcelona;西甲;西甲;manual;23;170;精准;还行;左脚;左后卫、左翼卫;左边前卫;左边锋;左边锋;1.0;0.95;0.9;70.8;67.3;63.7;£6100万 - £7500万;61.0;75.0;68.0;62.8;66.5;71.5;64.5;84.5;62.3;69.0;73.8;15;14;10;11;11;12;10;5;10;15;11;13;14;12;9;18;16;13;6;15;16;18;15;13;10;17;16;14;15;12;16;15;13;13;15;15;58.4;1.05;1.0;1.036;63.6;50.9;76.3;传奇池;0;PASS;未知;翼卫/中场/前腰 (左);后卫/翼卫/中场/前腰 (左)
2000075164;传奇;Júlio Baptista;巴西;Real Madrid;西甲;西甲;manual;23;185;欠佳;精准;右脚;中前卫;;前腰;中前卫;1.0;0.95;0.9;76.4;;68.8;£6000万 - £9600万;60.0;96.0;78.0;83.0;71.2;71.2;81.2;70.2;84.2;76.0;87.0;15;18;16;14;14;15;18;17;13;14;16;15;14;11;19;18;13;14;16;14;15;14;17;10;17;17;18;14;14;15;19;15;17;15;19;14;96.5;1.02;1.0;0.995;97.9;78.3;117.5;传奇池;0;PASS;未知;中场 (中);中场/前腰 (中)
36522009;传奇;Tony Adams;英格兰;Arsenal;英超;英超;manual;25;191;笨拙;精准;右脚;中后卫;;;中后卫;1.0;0.95;0.9;75.5;;;£5900万 - £7200万;59.0;72.0;65.5;67.5;55.2;49.0;80.2;41.2;84.8;76.0;91.5;7;18;14;10;13;8;10;16;2;12;14;10;8;3;19;15;9;14;17;17;13;4;17;5;16;14;19;12;19;17;20;19;13;14;20;15;89.5;1.0;1.0;0.986;88.2;70.6;105.8;传奇池;0;PASS;未知;;后卫 (中)
2000331622;传奇;Shaun Wright-Phillips;英格兰;Chelsea;英超;英超;manual;23;166;还行;精准;右脚;右边锋;;右边前卫;右边锋;1.0;0.95;0.9;74.0;;66.6;£5800万 - £9300万;58.0;93.0;75.5;69.2;70.2;81.7;57.0;86.0;59.8;67.2;68.2;17;10;8;13;9;3;16;10;6;14;13;18;14;6;8;14;18;16;7;16;14;18;15;17;11;15;14;15;16;13;14;11;14;12;13;10;78.6;1.05;1.0;1.012;83.6;66.9;100.3;传奇池;0;PASS;未知;;中场/前腰 (右)
23342402;传奇;Raúl;西班牙;Real Madrid;西甲;西甲;manual;27;180;精准;欠佳;左脚;中锋、前腰;;;中锋;1.0;0.95;0.9;78.0;;;£5800万 - £9200万;58.0;92.0;75.0;78.0;90.0;89.2;73.0;63.8;63.0;86.2;88.5;19;15;10;18;10;13;12;13;15;19;16;17;15;15;14;8;13;12;14;12;19;12;18;17;19;18;17;18;18;15;19;17;19;17;18;7;109.7;1.08;1.0;0.98;116.1;92.9;139.3;传奇池;0;PASS;前锋 (中);前腰 (中);前腰 (中), 前锋 (中)
36522040;传奇;Daniele De Rossi;意大利;Roma;意甲;意甲;manual;21;184;不错;精准;右脚;后腰、中前卫;;;后腰;1.0;0.95;0.9;72.9;;;£5700万 - £9100万;57.0;91.0;74.0;68.3;72.5;68.5;76.8;66.5;71.5;69.2;80.8;15;17;10;15;15;12;13;17;10;14;13;13;14;10;14;15;13;9;16;15;14;13;14;11;14;16;15;14;15;14;18;14;14;14;18;18;71.2;1.03;1.0;1.022;74.9;59.9;89.9;传奇池;0;PASS;未知;;后腰, 中场 (中)
36522056;传奇;Mesut Özil;德国;Arsenal;英超;英超;manual;28;183;精准;欠佳;左脚;前腰;左边锋、右边锋;;前腰;1.0;0.95;0.9;77.1;73.2;;£5600万 - £9000万;56.0;90.0;73.0;68.2;92.5;89.2;45.7;69.2;61.8;71.5;55.2;19;9;13;19;8;3;11;8;12;19;12;17;15;14;11;15;13;15;9;14;16;14;10;19;8;19;11;19;16;8;10;16;14;18;9;8;102.1;1.04;1.0;0.984;104.5;83.6;125.4;传奇池;0;PASS;未知;前腰 (右左);前腰 (右左中)
23049162;传奇;Christian Vieri;意大利;Inter Milan;意甲;意甲;manual;25;185;精准;不错;左脚;中锋;;;中锋;1.0;0.95;0.9;76.1;;;£5500万 - £8700万;55.0;87.0;71.0;85.8;77.5;66.2;38.5;66.8;83.0;70.8;83.8;15;4;17;17;7;2;16;18;14;12;18;11;13;3;18;15;14;12;18;18;10;13;16;19;17;18;16;15;17;5;20;17;12;16;19;5;94.1;1.08;1.0;0.988;100.4;80.3;120.5;传奇池;0;PASS;未知;;前锋 (中)
23497385;传奇;Ron Harris;英格兰;Chelsea;英超;英超;manual;18;180;精准;欠佳;左脚;中后卫;左后卫;;中后卫;1.0;0.95;0.9;66.4;63.1;;£5500万 - £6800万;55.0;68.0;61.5;50.5;52.5;50.3;73.3;60.2;69.5;57.0;75.8;12;17;8;11;15;11;9;13;5;11;10;8;6;4;13;16;12;12;14;13;12;11;13;6;12;10;17;9;13;12;16;12;13;11;16;18;36.8;1.0;1.0;1.05;38.6;30.9;46.3;传奇池;0;PASS;未知;后卫 (左);后卫 (左中)
23048754;传奇;Didier Drogba;科特迪瓦;Chelsea;英超;英超;manual;26;189;欠佳;精准;右脚;中锋;;;中锋;1.0;0.95;0.9;74.1;;;£5400万 - £8700万;54.0;87.0;70.5;72.0;66.0;78.0;50.2;81.7;80.2;70.0;70.0;15;7;11;14;6;3;15;20;17;15;13;16;6;4;18;15;16;16;18;13;17;17;17;17;5;17;15;11;15;14;17;15;12;12;15;11;79.3;1.08;1.0;1.004;86.0;68.8;103.2;传奇池;0;PASS;未知;;前锋 (中)
23244580;传奇;Javier Mascherano;阿根廷;West Ham;英超;英超;manual;24;174;欠佳;精准;右脚;后腰;;;后腰;1.0;0.95;0.9;73.7;;;£5400万 - £8600万;54.0;86.0;70.0;51.2;78.8;71.8;86.0;71.5;57.5;74.0;72.5;15;19;12;15;19;3;11;5;13;16;9;15;13;11;9;16;14;15;6;12;15;14;14;8;16;8;13;18;14;17;18;15;14;13;11;13;76.5;1.03;1.0;1.007;79.4;63.5;95.3;传奇池;0;PASS;未知;;后腰
23244549;传奇;Eric Abidal;法国;Barcelona;西甲;西甲;manual;27;186;精准;欠佳;左脚;左后卫;;;左后卫;1.0;0.95;0.9;71.7;;;£5400万 - £6600万;54.0;66.0;60.0;48.8;61.8;60.2;79.2;84.5;78.2;67.2;70.5;12;17;10;12;17;12;8;15;10;11;7;12;14;13;15;17;17;18;13;15;16;17;14;9;14;12;15;13;14;15;13;13;13;14;16;13;63.7;0.98;1.0;1.01;63.1;50.5;75.7;传奇池;0;PASS;未知;;后卫 (左)
23447703;传奇;Denis Law;苏格兰;Manchester United;英超;英超;manual;21;175;欠佳;精准;右脚;中锋;;;中锋;1.0;0.95;0.9;70.0;;;£5300万 - £6900万;53.0;69.0;61.0;69.5;70.2;76.0;41.5;73.8;66.5;64.0;77.2;16;7;14;13;5;9;14;11;12;16;14;15;13;7;14;13;15;14;10;14;11;16;14;17;14;13;16;15;16;7;17;11;14;15;15;11;54.0;1.08;1.0;1.032;60.2;48.2;72.2;传奇池;0;PASS;未知;;前锋 (中)
2000030579;传奇;Sergio Busquets;西班牙;Barcelona;西甲;西甲;manual;24;189;不错;精准;右脚;后腰;中前卫;;后腰;1.0;0.95;0.9;74.8;71.1;;£5200万 - £6700万;52.0;67.0;59.5;57.0;80.2;67.3;82.2;59.0;65.0;84.5;75.0;15;15;11;17;16;8;10;13;8;16;9;13;11;8;13;16;12;13;14;8;13;10;19;9;10;11;15;16;19;19;16;17;16;16;13;12;84.3;1.03;1.0;0.983;85.3;68.2;102.4;传奇池;0;PASS;后腰;中场 (中);后腰, 中场 (中)
36522049;传奇;Stewart Downing;英格兰;Middlesbrough;英冠;英冠;majority_high;20;180;精准;欠佳;左脚;左边锋;;;左边锋;1.0;0.95;0.9;69.0;;;£5200万 - £6400万;52.0;64.0;58.0;64.2;75.0;80.2;46.5;73.7;51.8;65.8;52.0;18;6;12;16;8;8;14;10;17;15;11;17;15;17;8;11;16;11;11;15;12;15;13;15;12;14;15;13;13;14;7;12;11;15;6;10;48.8;1.05;1.0;1.039;53.2;42.6;63.8;传奇池;0;PASS;未知;;前腰 (左)
36522440;传奇;Gilberto Silva;巴西;Arsenal;英超;英超;manual;28;185;还行;精准;右脚;后腰;;中前卫;后腰;1.0;0.95;0.9;74.7;;67.2;£5000万 - £8000万;50.0;80.0;65.0;68.5;75.5;69.0;80.8;70.5;70.5;82.0;67.5;17;17;5;15;16;4;11;15;8;17;13;11;8;7;15;16;14;16;14;13;13;14;18;9;9;15;17;14;17;18;15;17;13;19;7;11;83.6;1.03;1.0;0.991;85.3;68.2;102.4;传奇池;0;PASS;未知;;后腰, 中场 (中)
23168732;传奇;Michael Carrick;英格兰;Manchester United;英超;英超;manual;23;188;欠佳;精准;右脚;中前卫、后腰;;;中前卫;1.0;0.95;0.9;74.8;;;£4900万 - £7800万;49.0;78.0;63.5;70.0;83.5;75.0;65.2;66.2;68.7;81.0;71.5;17;14;2;19;7;2;16;15;12;16;12;15;11;12;16;13;13;15;13;13;12;14;17;12;9;15;16;15;17;17;16;16;15;18;10;13;84.3;1.02;1.0;0.988;85.0;68.0;102.0;传奇池;0;PASS;未知;;后腰, 中场 (中)
36522058;传奇;Aleksandr Hleb;白罗斯;Arsenal;英超;英超;manual;23;185;不错;精准;右脚;前腰;中前卫;右边锋;前腰;1.0;0.95;0.9;69.8;66.3;62.8;£4900万 - £7800万;49.0;78.0;63.5;52.8;79.2;79.5;42.0;74.5;66.0;66.2;59.2;15;8;10;16;4;8;9;4;12;17;9;17;15;13;11;14;16;18;10;15;14;14;13;15;9;12;12;17;10;9;14;13;13;14;12;9;52.9;1.04;1.0;1.04;57.3;45.8;68.8;传奇池;0;PASS;未知;中场/前腰 (中);中场 (中), 前腰 (右中)
23460619;传奇;Nicky Butt;英格兰;Manchester United;英超;英超;manual;23;178;欠佳;精准;右脚;后腰;;中前卫;后腰;1.0;0.95;0.9;68.6;;61.7;£4900万 - £6400万;49.0;64.0;56.5;57.5;55.5;55.0;77.5;66.8;77.0;58.2;89.2;10;18;13;13;14;6;12;8;10;12;11;10;8;6;14;18;12;17;9;16;16;13;10;7;14;12;18;9;18;17;20;12;12;12;20;19;46.8;1.03;1.0;1.041;50.2;40.2;60.2;传奇池;0;PASS;未知;;后腰, 中场 (中)
23453013;传奇;Bryan Robson;英格兰;Manchester United;英超;英超;manual;26;175;强势;精准;左脚;中前卫、前腰;;;中前卫;1.0;0.95;0.9;68.6;;;£4800万 - £5900万;48.0;59.0;53.5;67.8;68.2;64.5;71.0;66.0;69.8;67.2;80.0;14;16;14;15;12;5;15;13;13;13;13;12;12;11;14;15;13;12;13;14;13;13;14;12;16;13;16;12;16;14;17;14;14;13;16;15;46.8;1.02;1.0;1.034;49.3;39.4;59.2;传奇池;0;PASS;未知;前腰 (中);中场/前腰 (中)
23244472;传奇;Gerard Piqué;西班牙;Barcelona;西甲;西甲;manual;25;194;还行;精准;右脚;中后卫;;;中后卫;1.0;0.95;0.9;73.5;;;£4700万 - £7500万;47.0;75.0;61.0;59.8;75.0;66.2;78.8;61.0;71.2;78.8;69.2;16;15;13;16;16;8;8;16;7;14;10;13;10;8;15;15;13;15;16;9;10;11;16;11;16;14;15;14;15;18;11;16;13;18;15;14;75.2;1.0;1.0;0.995;74.8;59.8;89.8;传奇池;0;PASS;未知;;后卫 (中)
23244604;传奇;Rafael Márquez;墨西哥;Barcelona;西甲;西甲;manual;26;184;还行;精准;右脚;中后卫、后腰;;;中后卫;1.0;0.95;0.9;73.9;;;£4700万 - £7500万;47.0;75.0;61.0;54.3;69.0;60.7;84.5;59.2;71.2;75.0;70.0;14;17;11;14;18;13;13;17;13;16;8;9;11;11;13;15;11;15;14;15;12;12;17;8;16;8;13;13;14;17;14;14;15;16;14;12;77.9;1.0;1.0;0.992;77.3;61.8;92.8;传奇池;0;PASS;后卫 (中), 后腰;;后卫 (中), 后腰
36522000;传奇;Claude Makélélé;法国;Chelsea;英超;英超;manual;28;170;还行;精准;右脚;后腰;;中前卫;后腰;1.0;0.95;0.9;74.2;;66.8;£4700万 - £7400万;47.0;74.0;60.5;52.8;70.2;58.2;83.8;60.8;77.5;76.5;82.7;14;17;9;14;15;11;12;14;4;12;8;9;9;8;17;16;12;18;10;15;13;11;18;10;15;10;18;16;17;19;17;14;15;11;16;15;80.0;1.03;1.0;0.988;81.5;65.2;97.8;传奇池;0;PASS;未知;;后腰, 中场 (中)
36522005;传奇;Gary Cahill;英格兰;Chelsea;英超;英超;manual;27;191;欠佳;精准;右脚;中后卫;;;中后卫;1.0;0.95;0.9;70.5;;;£4700万 - £5700万;47.0;57.0;52.0;53.2;63.5;60.8;74.8;68.5;70.5;70.2;73.2;13;16;6;13;15;6;8;15;4;13;9;10;5;3;14;14;12;14;14;12;13;16;15;14;15;13;14;13;12;13;15;14;14;15;18;14;56.7;1.0;1.0;1.007;57.2;45.8;68.6;传奇池;0;PASS;未知;;后卫 (中)
23342468;传奇;Eric Cantona;法国;Manchester United;英超;英超;manual;27;188;不错;精准;右脚;前腰、中锋;;;前腰;1.0;0.95;0.9;73.7;;;£4300万 - £6900万;43.0;69.0;56.0;75.5;77.8;74.2;50.7;63.8;81.7;75.0;70.2;16;10;16;15;6;9;14;16;13;16;14;13;14;12;17;15;13;14;15;19;12;12;16;16;8;16;12;16;11;8;16;16;15;18;19;17;76.5;1.04;1.0;0.986;78.5;62.8;94.2;传奇池;0;PASS;未知;前腰 (中);前腰 (中), 前锋 (中)
1034075;传奇;Arda Turan;土耳其;Galatasaray;土超;土超;manual;23;177;不错;精准;右脚;前腰、左边锋;右边锋;;前腰;1.0;0.95;0.9;72.6;69.0;;£4300万 - £5500万;43.0;55.0;49.0;68.0;80.2;82.5;47.8;64.0;52.5;73.5;59.8;18;10;13;15;6;6;13;13;14;15;13;17;15;14;11;10;12;9;8;14;15;14;15;17;13;13;13;17;11;9;12;16;12;17;11;11;69.3;1.04;1.0;0.983;70.8;56.6;85.0;传奇池;0;PASS;未知;前腰 (右);前腰 (右左中)
36522024;传奇;Kolo Touré;科特迪瓦;Arsenal;英超;英超;manual;24;183;欠佳;精准;右脚;中后卫;右后卫;;中后卫;1.0;0.95;0.9;74.2;70.5;;£4200万 - £6700万;42.0;67.0;54.5;57.0;63.2;65.8;76.5;81.2;79.2;65.8;78.2;14;17;6;14;14;6;11;17;9;14;10;13;11;10;19;17;16;16;15;11;14;17;13;10;14;13;18;10;15;16;16;12;15;15;14;16;80.0;1.0;1.0;0.98;78.4;62.7;94.1;传奇池;0;PASS;未知;后卫 (右);后卫 (右中)
23168711;传奇;Nicolas Anelka;法国;Fenerbahçe;土超;土超;manual;25;186;不错;精准;右脚;中锋;;;中锋;1.0;0.95;0.9;71.1;;;£4200万 - £5500万;42.0;55.0;48.5;74.5;68.5;69.8;39.0;87.0;68.5;60.5;54.5;15;9;19;14;4;6;13;11;12;14;15;13;12;8;12;16;17;16;12;14;15;19;15;13;8;16;14;13;14;4;7;13;12;14;12;9;60.2;1.08;1.0;0.994;64.6;51.7;77.5;传奇池;0;PASS;未知;;前锋 (中)
23380025;传奇;Bill Foulkes;英格兰;Manchester United;英超;英超;manual;26;180;欠佳;精准;右脚;中后卫;;右后卫;中后卫;1.0;0.95;0.9;71.8;;64.6;£4100万 - £5000万;41.0;50.0;45.5;41.0;53.8;50.0;80.8;60.2;81.8;62.3;71.5;12;17;6;13;17;8;6;15;8;12;6;7;10;6;16;17;12;16;17;16;11;11;17;6;17;8;12;6;12;16;17;12;11;13;16;13;64.3;1.0;1.0;0.983;63.2;50.6;75.8;传奇池;0;PASS;未知;;后卫 (右中)
23413399;传奇;Clarence Seedorf;荷兰;AC Milan;意甲;意甲;manual;25;176;还行;精准;右脚;中前卫、前腰;右边锋;右边前卫;中前卫;1.0;0.95;0.9;74.7;71.0;67.2;£4000万 - £5200万;40.0;52.0;46.0;65.5;80.8;81.8;63.0;67.8;74.8;75.5;74.8;18;13;10;15;9;7;17;9;15;16;8;16;14;15;15;17;11;15;10;17;13;16;16;17;12;17;15;18;16;13;16;14;15;14;15;12;83.6;1.02;1.0;0.964;82.2;65.8;98.6;传奇池;0;PASS;中场 (中);前腰 (右中);中场/前腰 (右中)
36522034;传奇;Bakary Sagna;法国;Arsenal;英超;英超;manual;24;176;欠佳;精准;右脚;右后卫;;右翼卫;右后卫;1.0;0.95;0.9;71.9;;64.7;£3900万 - £6200万;39.0;62.0;50.5;55.0;64.0;61.8;82.2;77.5;75.8;70.2;69.8;14;17;6;13;17;9;9;16;8;13;8;12;16;13;15;16;16;16;15;13;11;16;16;9;9;15;16;11;14;16;13;13;15;15;16;12;64.9;0.98;1.0;0.991;63.1;50.5;75.7;传奇池;0;PASS;未知;;后卫/翼卫 (右)
36522014;传奇;Gabriel Batistuta;阿根廷;Fiorentina;意甲;意甲;manual;24;183;强势;精准;左脚;中锋;;;中锋;1.0;0.95;0.9;74.9;;;£3600万 - £5800万;36.0;58.0;47.0;85.5;60.0;68.3;40.2;73.5;81.0;66.0;78.0;15;7;18;10;5;3;18;14;14;14;18;12;8;6;17;14;15;18;15;16;13;15;16;14;17;16;17;11;10;4;17;17;14;15;18;13;85.0;1.08;1.0;0.965;88.6;70.9;106.3;传奇池;0;PASS;未知;;前锋 (中)
36522055;传奇;Aaron Ramsey;威尔士;Arsenal;英超;英超;manual;26;178;还行;精准;右脚;前腰;右边锋;中前卫;前腰;1.0;0.95;0.9;72.6;69.0;65.3;£3300万 - £4300万;33.0;43.0;38.0;65.2;78.5;78.2;56.2;69.8;68.0;70.0;72.0;17;12;12;15;8;5;12;5;8;16;11;15;13;9;13;16;13;16;9;14;16;14;14;14;12;17;16;17;16;11;15;14;14;14;13;10;69.3;1.04;1.0;0.964;69.5;55.6;83.4;传奇池;0;PASS;未知;前腰 (右中);中场 (中), 前腰 (右中)
23342467;传奇;Patrice Evra;法国;Manchester United;英超;英超;manual;25;174;精准;欠佳;左脚;左翼卫、左后卫;;;左翼卫;1.0;0.95;0.9;70.0;;;£3300万 - £4300万;33.0;43.0;38.0;56.2;64.5;73.8;67.8;87.0;64.0;62.0;72.5;16;16;7;13;12;12;12;14;6;15;8;14;12;12;12;14;18;12;15;11;16;18;14;14;11;15;14;11;14;12;18;11;13;13;13;15;54.0;1.0;1.0;0.982;53.0;42.4;63.6;传奇池;0;PASS;未知;翼卫 (左);后卫/翼卫 (左)
23049091;传奇;Emre Belözoğlu;土耳其;Fenerbahçe;土超;土超;manual;26;170;精准;欠佳;左脚;左边前卫;后腰;中前卫;左边前卫;1.0;0.95;0.9;71.2;67.6;64.1;£3100万 - £4000万;31.0;40.0;35.5;59.2;76.3;80.2;57.5;77.8;60.5;70.2;75.8;17;11;14;15;9;7;15;9;15;14;7;17;13;14;12;14;15;10;10;12;18;16;17;15;10;14;15;16;18;12;17;14;11;12;15;17;60.7;1.01;1.0;0.968;59.4;47.5;71.3;传奇池;0;PASS;未知;后腰, 中场 (左);后腰, 中场 (左中)
36522035;传奇;Pelé;巴西;Santos;巴甲;巴甲;manual;24;176;精准;精准;双足;中锋、前腰;;;中锋;1.0;0.95;0.9;79.9;;;£2900万 - £3800万;29.0;38.0;33.5;78.8;85.5;85.2;53.5;81.2;77.5;82.0;71.0;18;7;14;17;8;4;11;15;15;17;19;16;13;10;14;15;16;18;15;19;16;17;17;18;17;14;14;18;14;13;14;16;17;17;12;12;127.0;1.08;1.0;0.95;130.3;104.2;156.4;传奇池;0;PASS;前锋 (中);;前腰 (中), 前锋 (中)
36522004;传奇;Lee Dixon;英格兰;Arsenal;英超;英超;manual;24;178;还行;精准;右脚;右后卫;;;右后卫;1.0;0.95;0.9;70.6;;;£2700万 - £4300万;27.0;43.0;35.0;56.5;64.5;59.5;71.8;73.8;79.8;69.0;83.8;14;15;12;13;13;13;11;13;8;12;8;12;13;8;14;19;15;17;14;16;5;16;15;11;12;14;19;12;19;15;18;14;13;14;16;14;57.3;0.98;1.0;0.971;54.6;43.7;65.5;传奇池;0;PASS;未知;;后卫 (右)
36522006;传奇;Alex de Souza;巴西;Fenerbahçe;土超;土超;manual;27;174;精准;欠佳;左脚;前腰;中前卫、左边前卫、左边锋;;前腰;1.0;0.95;0.9;73.0;69.3;;£2300万 - £3700万;23.0;37.0;30.0;72.5;82.2;77.2;43.8;75.5;69.2;65.2;61.5;16;7;18;16;11;7;17;8;17;14;14;16;14;18;10;17;15;19;11;15;14;15;9;17;9;14;15;19;13;9;14;16;6;16;12;11;71.9;1.04;1.0;0.95;71.0;56.8;85.2;传奇池;0;PASS;未知;中场 (左中), 前腰 (左);中场/前腰 (左中)
23184860;传奇;Zico;巴西;Flamengo;巴甲;巴甲;manual;21;172;不错;精准;右脚;前腰、中锋;左边锋;;前腰;1.0;0.95;0.9;81.1;77.0;;£2000万 - £3200万;20.0;32.0;26.0;82.5;91.0;88.8;43.8;69.2;56.0;81.7;71.5;20;7;17;19;6;9;15;5;17;16;15;18;13;15;8;15;13;15;8;11;16;14;20;20;17;18;15;18;13;5;15;18;16;18;11;13;138.9;1.04;1.03;0.95;141.3;113.0;169.6;传奇池;0;PASS;未知;前腰 (左), 前锋 (中);前腰 (左中), 前锋 (中)
67033300;传奇;César Azpilicueta;西班牙;Chelsea;英超;英超;manual;26;178;不错;精准;右脚;中后卫;左后卫、左翼卫、右翼卫;右后卫;中后卫;1.0;0.95;0.9;71.5;67.9;64.4;£1950万 - £3100万;19.5;31.0;25.25;50.5;65.5;58.2;73.8;67.2;69.5;76.2;83.2;12;14;8;13;14;11;9;11;7;11;6;11;13;8;15;14;13;15;11;13;13;14;16;12;17;13;16;14;17;15;18;15;17;16;15;15;62.5;1.0;1.0;0.95;59.4;47.5;71.3;传奇池;0;PASS;未知;后卫 (左), 翼卫 (右左);后卫 (右左中), 翼卫 (右左)
23184864;传奇;Denis Irwin;爱尔兰;Manchester United;英超;英超;manual;27;173;精准;精准;双足;左后卫、右后卫;;;左后卫;1.0;0.95;0.9;66.8;;;£1700万 - £2700万;17.0;27.0;22.0;66.0;57.0;49.2;75.8;72.5;63.0;68.2;81.5;12;14;18;11;16;14;14;9;16;13;14;7;15;14;12;14;16;16;7;11;10;14;15;6;8;9;19;8;18;16;18;17;14;13;17;11;38.5;0.98;1.0;0.967;36.5;29.2;43.8;传奇池;0;PASS;未知;后卫 (右);后卫 (右左)
23460578;传奇;Garry Pallister;英格兰;Manchester United;英超;英超;manual;27;193;欠佳;精准;右脚;中后卫;;;中后卫;1.0;0.95;0.9;71.0;;;£1600万 - £2600万;16.0;26.0;21.0;44.0;47.8;47.8;78.5;61.2;78.5;67.5;77.0;13;18;8;6;13;7;9;18;6;9;4;6;6;6;15;17;14;16;15;16;11;9;13;8;17;13;13;12;17;17;16;13;16;13;15;14;59.6;1.0;1.0;0.95;56.6;45.3;67.9;传奇池;0;PASS;未知;;后卫 (中)
23460508;传奇;Ronaldinho;巴西;Barcelona;西甲;西甲;manual;23;182;强势;精准;左脚;前腰、左边锋;;;前腰;1.0;0.95;0.9;84.5;;;非卖品;;;;82.5;92.3;97.5;48.0;84.5;71.2;75.0;71.2;20;8;16;18;7;10;18;9;19;20;16;20;17;18;15;16;16;13;13;14;18;18;14;20;15;19;11;18;12;9;19;18;16;13;13;9;176.2;1.04;1.05;1.0;192.5;154.0;231.0;传奇池;0;PASS;前腰 (中);前腰 (左);前腰 (左中)
36522008;传奇;Eden Hazard;比利时;Chelsea;英超;英超;manual;21;173;强势;精准;左脚;左边锋、前腰;中前卫、右边锋;;左边锋;1.0;0.95;0.9;73.2;69.5;;非卖品;;;;64.2;78.5;88.2;31.5;85.5;59.5;62.5;51.0;18;4;15;15;3;5;13;7;13;18;12;18;13;13;10;17;16;15;6;13;19;18;12;16;6;14;12;16;11;7;10;13;13;13;9;8;73.2;1.05;1.0;1.0;76.8;61.4;92.2;传奇池;0;PASS;前腰 (左);中场 (中), 前腰 (右);中场 (中), 前腰 (右左中)
36522012;传奇;Gareth Bale;威尔士;Real Madrid;西甲;西甲;manual;21;183;精准;还行;左脚;左边前卫、左边锋、右边锋;前腰、右边前卫;;左边锋;1.0;0.95;0.9;73.6;69.9;;非卖品;;;;73.8;70.2;76.0;52.5;86.2;72.2;63.5;59.8;15;11;7;14;11;12;17;15;17;15;14;16;15;15;13;19;17;15;12;15;14;18;14;15;6;16;12;13;13;7;16;14;11;15;11;5;75.9;1.05;1.0;1.0;79.7;63.8;95.6;传奇池;0;PASS;中场/前腰 (左);中场 (右), 前腰 (右中);中场 (右左), 前腰 (右左中)
23244480;传奇;Arjen Robben;荷兰;Chelsea;英超;英超;manual;20;180;精准;还行;左脚;右边前卫、右边锋;左边前卫、左边锋;;左边锋;1.0;0.95;0.9;77.6;73.7;;非卖品;;;;73.5;79.8;87.2;45.5;80.2;65.5;79.8;68.5;17;5;12;16;4;4;10;9;9;17;14;19;15;15;15;13;15;16;7;14;17;18;16;17;11;19;14;15;12;13;15;16;18;18;12;13;106.3;1.05;1.0;1.0;111.6;89.3;133.9;传奇池;0;PASS;中场/前腰 (左);;中场/前腰 (右左)
